{
    "Absences": 0.7323023080825806,
    "ParentalSupport": 0.053985774517059326,
    "Tutoring": 0.07783512026071548,
    "StudyTimeWeekly": 0.04156198352575302,
    "Extracurricular": 0.0356505885720253,
    "Music": 0.023344682529568672,
    "Sports": 0.03272204473614693,
    "Ethnicity": 0.0025975133758038282
}