{
    "train_r2": 0.9594537106695469,
    "test_r2": 0.9493306610504167,
    "train_rmse": 2.456593506710386,
    "test_rmse": 2.6212294215988687,
    "train_mae": 1.4506568457665983,
    "test_mae": 1.5891647136576794
}